para1,para2,para4,price,loc1_0,loc1_1,loc1_2,loc1_3,loc1_4,loc1_5,loc1_6,loc1_7,loc1_8,loc1_9,dow_Mon,dow_Thu,dow_Tue,dow_Wed
4,1305,13.6,3590.0,1,0,0,0,0,0,0,0,0,0,0,1,0,0
1,630,13.6,930.0,1,0,0,0,0,0,0,0,0,0,0,1,0,0
0,650,13.6,445.0,0,1,0,0,0,0,0,0,0,0,0,0,1,0
3,508,4.0,240.0,0,0,0,0,1,0,0,0,0,0,0,0,0,0
0,290,13.6,400.0,0,1,0,0,0,0,0,0,0,0,0,1,0,0
1,699,5.7,400.0,0,0,1,0,0,0,0,0,0,0,0,0,0,1
0,391,1.0,430.0,0,0,0,0,0,0,0,1,0,0,0,0,0,0
0,337,13.6,680.0,0,0,0,0,0,1,0,0,0,0,0,1,0,0
1,549,9.0,500.0,0,0,0,0,1,0,0,0,0,0,0,0,0,1
3,614,1.6,187.5,0,0,0,0,0,0,0,0,1,0,0,0,0,0
1,483,2.5,350.0,0,0,0,1,0,0,0,0,0,0,1,0,0,0
1,305,3.2,150.0,1,0,0,0,0,0,0,0,0,0,1,0,0,0
1,506,13.6,600.0,0,0,0,0,1,0,0,0,0,0,0,0,1,0
1,196,6.5,278.19,0,0,0,0,0,0,0,1,0,0,0,0,1,0
3,433,13.6,540.0,0,0,0,1,0,0,0,0,0,0,0,0,0,0
0,16,10.2,249.3,0,1,0,0,0,0,0,0,0,0,0,1,0,0
1,727,13.6,700.0,0,0,0,0,0,0,0,1,0,0,0,1,0,0
1,480,13.2,580.0,0,0,0,0,0,0,0,0,0,1,0,0,1,0
1,555,7.2,350.0,0,0,0,0,0,1,0,0,0,0,0,1,0,0
1,228,1.2,225.0,0,0,0,0,0,1,0,0,0,0,0,0,0,1
1,527,13.6,600.0,0,0,0,0,0,0,0,0,0,1,0,0,0,1
1,578,11.2,166.67,0,0,0,0,0,0,0,0,0,1,0,0,1,0
1,372,13.6,500.0,0,0,0,0,0,0,0,0,0,1,0,0,1,0
3,722,3.2,281.52,0,0,0,0,0,0,0,0,1,0,0,0,0,0
1,16,1.6,180.0,0,0,1,0,0,0,0,0,0,0,0,0,1,0
1,584,3.2,300.0,0,0,0,0,1,0,0,0,0,0,1,0,0,0
3,405,13.6,500.0,0,0,0,0,0,0,0,0,0,1,0,0,0,0
1,890,13.6,1000.0,0,0,0,0,0,0,1,0,0,0,0,0,0,1
1,351,3.6,216.67,0,0,0,0,0,0,0,0,0,1,0,1,0,0
4,1224,3.8,530.0,0,0,0,1,0,0,0,0,0,0,0,1,0,0
1,289,4.0,250.0,0,1,0,0,0,0,0,0,0,0,0,0,0,1
3,363,13.6,500.0,0,1,0,0,0,0,0,0,0,0,0,0,0,0
3,597,17.2,243.33,0,0,0,0,0,0,0,0,1,0,0,0,0,0
1,695,2.4,400.0,0,0,0,0,0,0,0,1,0,0,0,0,0,1
13,292,6.8,350.0,0,0,0,0,0,1,0,0,0,0,0,0,0,0
1,701,13.5,680.0,0,0,0,0,0,0,1,0,0,0,0,0,1,0
1,155,13.6,250.0,0,1,0,0,0,0,0,0,0,0,0,1,0,0
1,138,3.9,280.0,0,0,0,0,1,0,0,0,0,0,0,0,1,0
1,469,13.6,550.0,0,0,0,0,1,0,0,0,0,0,0,1,0,0
1,701,13.6,820.0,0,0,1,0,0,0,0,0,0,0,1,0,0,0
0,16,2.0,150.0,0,1,0,0,0,0,0,0,0,0,0,0,0,0
0,448,13.6,900.0,1,0,0,0,0,0,0,0,0,0,0,0,0,0
1,445,13.6,490.0,0,0,1,0,0,0,0,0,0,0,1,0,0,0
1,497,13.6,750.0,0,0,0,0,0,1,0,0,0,0,0,0,0,1
1,549,6.8,375.0,0,0,0,1,0,0,0,0,0,0,0,0,0,1
1,127,2.8,210.0,1,0,0,0,0,0,0,0,0,0,0,0,0,1
0,16,1.6,150.0,0,1,0,0,0,0,0,0,0,0,1,0,0,0
3,265,7.0,250.0,0,0,0,1,0,0,0,0,0,0,0,0,0,0
2,836,6.8,500.0,0,1,0,0,0,0,0,0,0,0,1,0,0,0
1,524,13.6,560.0,0,0,0,0,0,0,0,0,1,0,0,0,0,1
2,471,13.6,500.0,0,1,0,0,0,0,0,0,0,0,0,0,0,0
3,299,13.6,350.0,0,0,1,0,0,0,0,0,0,0,0,0,0,0
1,313,4.4,230.0,0,0,0,0,0,0,1,0,0,0,0,0,0,1
1,384,4.8,350.0,0,0,0,0,0,1,0,0,0,0,0,0,1,0
3,632,5.6,340.0,0,0,1,0,0,0,0,0,0,0,0,0,0,0
1,361,13.6,450.0,0,0,0,0,0,0,0,0,0,1,0,1,0,0
1,462,11.2,325.0,0,0,0,0,1,0,0,0,0,0,1,0,0,0
1,280,13.6,340.0,0,0,0,0,0,0,1,0,0,0,0,1,0,0
1,198,1.8,165.0,0,0,1,0,0,0,0,0,0,0,0,1,0,0
3,546,13.6,735.0,0,0,0,1,0,0,0,0,0,0,0,0,0,0
1,566,9.6,500.0,0,0,0,0,1,0,0,0,0,0,0,0,0,1
1,323,13.6,535.0,0,0,0,0,0,1,0,0,0,0,0,1,0,0
0,281,4.0,221.24,0,0,1,0,0,0,0,0,0,0,0,0,0,1
1,346,13.6,460.0,0,0,0,1,0,0,0,0,0,0,0,0,0,1
4,906,6.4,1120.0,0,0,1,0,0,0,0,0,0,0,0,1,0,0
1,265,6.0,122.5,0,0,0,0,0,0,0,0,0,1,0,0,1,0
3,1059,3.6,900.0,0,0,0,0,0,0,0,0,0,1,0,0,0,0
1,291,8.0,133.33,0,1,0,0,0,0,0,0,0,0,1,0,0,0
1,441,4.0,345.0,0,0,0,0,1,0,0,0,0,0,1,0,0,0
1,768,2.0,236.32,0,0,0,0,0,0,0,1,0,0,1,0,0,0
1,560,3.0,300.0,0,1,0,0,0,0,0,0,0,0,0,0,0,1
1,195,4.0,153.33,0,1,0,0,0,0,0,0,0,0,0,0,0,1
1,591,6.4,616.0,0,1,0,0,0,0,0,0,0,0,0,1,0,0
0,283,13.6,420.0,0,0,0,1,0,0,0,0,0,0,0,0,0,0
1,321,11.0,235.0,0,0,0,1,0,0,0,0,0,0,1,0,0,0
3,666,13.2,390.0,1,0,0,0,0,0,0,0,0,0,0,0,0,0
1,513,6.8,310.0,0,0,0,0,0,0,0,0,1,0,0,0,1,0
1,506,9.6,730.0,1,0,0,0,0,0,0,0,0,0,1,0,0,0
0,52,1.0,90.0,0,0,0,0,0,0,0,1,0,0,1,0,0,0
4,1342,13.6,1000.0,0,0,1,0,0,0,0,0,0,0,0,0,0,0
4,1319,13.4,1110.0,0,0,0,0,1,0,0,0,0,0,0,0,0,0
1,329,18.0,394.0,0,0,0,0,0,0,1,0,0,0,0,0,0,1
1,519,3.6,240.0,0,0,1,0,0,0,0,0,0,0,0,0,0,1
4,872,13.6,1550.0,0,0,0,0,0,0,0,0,0,1,0,0,0,0
3,155,4.0,200.0,0,0,0,1,0,0,0,0,0,0,0,0,0,0
3,352,6.0,390.0,0,0,0,1,0,0,0,0,0,0,0,0,0,0
1,211,13.6,250.0,0,0,0,1,0,0,0,0,0,0,0,1,0,0
1,323,4.8,240.0,0,0,1,0,0,0,0,0,0,0,0,0,1,0
1,753,11.0,850.0,0,0,0,0,0,0,0,0,1,0,1,0,0,0
0,293,12.8,400.0,0,1,0,0,0,0,0,0,0,0,0,0,1,0
3,1654,13.6,1700.0,0,0,0,0,0,0,0,0,1,0,0,0,1,0
1,623,4.4,638.61,0,0,0,0,0,1,0,0,0,0,1,0,0,0
1,615,12.0,365.0,1,0,0,0,0,0,0,0,0,0,1,0,0,0
3,859,13.6,1000.0,0,0,0,0,0,0,0,0,1,0,0,0,0,0
1,420,9.0,420.0,0,0,1,0,0,0,0,0,0,0,1,0,0,0
1,378,7.2,400.0,0,0,0,1,0,0,0,0,0,0,0,0,0,1
1,520,13.6,580.0,0,0,0,0,0,0,0,0,1,0,0,0,1,0
1,482,5.6,211.13,0,0,0,0,0,0,0,0,0,1,1,0,0,0
1,442,13.6,580.0,0,0,0,0,0,1,0,0,0,0,0,0,1,0
1,611,13.6,700.0,0,0,1,0,0,0,0,0,0,0,0,0,0,1
0,57,13.6,170.0,0,1,0,0,0,0,0,0,0,0,1,0,0,0
1,451,6.8,325.0,0,0,1,0,0,0,0,0,0,0,0,0,0,1
1,713,13.6,380.0,1,0,0,0,0,0,0,0,0,0,0,1,0,0
3,276,4.0,265.0,0,0,0,0,0,0,0,1,0,0,0,0,0,0
0,64,3.0,300.0,0,0,0,1,0,0,0,0,0,0,0,1,0,0
1,545,6.8,300.0,0,0,0,0,1,0,0,0,0,0,0,0,1,0
3,617,3.5,217.12,0,0,0,0,0,0,0,0,1,0,0,0,0,0
1,270,5.5,166.67,0,0,1,0,0,0,0,0,0,0,1,0,0,0
1,240,6.8,325.0,0,0,0,1,0,0,0,0,0,0,1,0,0,0
3,491,2.8,318.25,0,0,0,0,1,0,0,0,0,0,0,0,0,0
1,573,13.6,700.0,0,0,0,0,0,0,0,0,1,0,1,0,0,0
0,151,8.5,280.91,0,1,0,0,0,0,0,0,0,0,1,0,0,0
1,221,2.4,175.0,0,1,0,0,0,0,0,0,0,0,0,0,0,1
1,789,7.2,400.0,0,0,0,0,0,0,0,0,1,0,0,0,1,0
1,215,2.0,96.0,1,0,0,0,0,0,0,0,0,0,1,0,0,0
1,630,13.6,720.0,0,0,0,0,0,0,0,0,1,0,1,0,0,0
0,235,13.6,350.0,0,0,0,1,0,0,0,0,0,0,0,0,0,1
1,522,6.6,300.0,0,0,0,1,0,0,0,0,0,0,0,0,1,0
1,407,13.6,520.0,0,0,0,0,0,0,0,0,0,1,1,0,0,0
3,779,13.6,890.0,0,0,0,0,0,0,1,0,0,0,0,0,0,0
3,265,3.5,310.0,1,0,0,0,0,0,0,0,0,0,0,0,0,0
1,450,13.6,560.0,0,0,0,1,0,0,0,0,0,0,0,0,0,1
3,833,8.8,373.33,1,0,0,0,0,0,0,0,0,0,0,0,1,0
1,402,5.6,300.0,0,1,0,0,0,0,0,0,0,0,0,1,0,0
0,44,13.0,200.0,0,0,0,0,0,0,0,0,1,0,0,0,1,0
3,791,2.0,161.16,0,0,1,0,0,0,0,0,0,0,0,0,1,0
1,716,11.0,670.0,0,0,0,0,0,0,0,0,0,1,1,0,0,0
3,581,6.4,280.0,0,0,1,0,0,0,0,0,0,0,0,0,0,0
3,356,13.6,500.0,0,1,0,0,0,0,0,0,0,0,0,0,0,0
0,62,13.6,191.22,0,1,0,0,0,0,0,0,0,0,1,0,0,0
1,375,13.6,500.0,0,1,0,0,0,0,0,0,0,0,1,0,0,0
1,719,13.6,825.0,0,0,1,0,0,0,0,0,0,0,0,1,0,0
3,322,5.6,310.0,0,0,0,0,1,0,0,0,0,0,0,0,0,0
1,625,12.8,293.33,0,0,0,0,0,0,1,0,0,0,0,0,0,1
1,663,8.0,450.0,0,0,0,0,0,0,1,0,0,0,0,0,0,1
1,624,13.6,950.0,1,0,0,0,0,0,0,0,0,0,1,0,0,0
2,1148,13.2,1500.0,0,0,0,0,0,0,1,0,0,0,0,0,1,0
0,349,13.6,460.0,0,1,0,0,0,0,0,0,0,0,0,0,1,0
1,332,7.0,175.0,1,0,0,0,0,0,0,0,0,0,0,0,0,1
1,514,13.6,730.0,0,0,0,0,0,1,0,0,0,0,0,0,1,0
1,693,6.4,400.0,0,0,0,0,0,0,0,1,0,0,0,0,0,1
1,554,13.6,670.0,0,0,0,0,0,1,0,0,0,0,0,1,0,0
1,155,13.6,250.0,0,1,0,0,0,0,0,0,0,0,0,1,0,0
1,236,8.8,380.0,0,0,0,0,0,0,0,1,0,0,1,0,0,0
1,707,13.6,780.0,0,0,0,0,0,0,0,0,1,0,0,0,1,0
1,629,13.6,770.0,0,1,0,0,0,0,0,0,0,0,1,0,0,0
1,725,13.6,1180.0,0,0,0,0,1,0,0,0,0,0,1,0,0,0
1,685,13.6,795.0,0,1,0,0,0,0,0,0,0,0,0,0,0,1
1,170,2.0,133.33,0,0,1,0,0,0,0,0,0,0,1,0,0,0
1,144,6.8,180.0,1,0,0,0,0,0,0,0,0,0,0,0,1,0
1,198,10.8,560.0,0,0,0,0,0,1,0,0,0,0,0,1,0,0
1,290,3.6,220.0,0,0,0,0,0,0,1,0,0,0,0,0,0,1
3,562,4.5,233.33,0,0,0,0,1,0,0,0,0,0,0,0,0,0
1,424,13.6,500.0,0,1,0,0,0,0,0,0,0,0,0,0,0,1
1,477,6.8,126.0,0,0,0,0,0,0,0,0,0,1,0,0,0,1
1,435,10.0,340.0,0,0,0,0,1,0,0,0,0,0,0,0,1,0
1,688,8.7,360.0,1,0,0,0,0,0,0,0,0,0,1,0,0,0
3,460,5.6,295.0,0,0,1,0,0,0,0,0,0,0,0,0,0,0
1,340,3.0,300.0,0,0,0,0,0,0,1,0,0,0,0,1,0,0
1,603,1.6,296.67,0,0,1,0,0,0,0,0,0,0,0,0,1,0
3,550,8.8,641.88,0,0,0,0,0,0,0,0,1,0,0,0,0,0
1,458,13.6,600.0,0,0,0,0,0,0,0,0,1,0,0,1,0,0
1,461,7.0,650.0,1,0,0,0,0,0,0,0,0,0,0,0,0,0
1,769,5.4,360.0,0,0,0,0,0,1,0,0,0,0,0,1,0,0
0,405,2.8,230.0,0,0,0,1,0,0,0,0,0,0,1,0,0,0
1,375,6.0,350.0,1,0,0,0,0,0,0,0,0,0,1,0,0,0
1,103,4.4,100.0,0,0,0,1,0,0,0,0,0,0,0,0,0,1
1,357,5.6,183.33,0,0,0,0,0,0,0,0,0,1,0,0,0,1
1,548,4.6,250.0,0,0,0,0,0,1,0,0,0,0,1,0,0,0
2,476,7.2,570.0,0,1,0,0,0,0,0,0,0,0,0,0,1,0
1,635,13.6,750.0,0,1,0,0,0,0,0,0,0,0,1,0,0,0
3,558,5.6,400.0,0,0,0,0,1,0,0,0,0,0,0,0,0,0
1,496,6.4,185.0,1,0,0,0,0,0,0,0,0,0,0,1,0,0
1,363,2.8,200.0,0,0,0,0,0,0,0,0,0,1,0,1,0,0
3,267,13.6,350.0,1,0,0,0,0,0,0,0,0,0,0,0,0,0
1,193,13.6,275.0,0,1,0,0,0,0,0,0,0,0,1,0,0,0
4,779,8.0,495.0,0,0,0,0,0,1,0,0,0,0,0,0,0,0
1,245,13.6,490.0,0,0,0,0,0,1,0,0,0,0,0,0,1,0
1,329,13.6,400.0,0,0,1,0,0,0,0,0,0,0,0,1,0,0
1,508,13.6,630.0,0,0,1,0,0,0,0,0,0,0,0,0,1,0
1,491,2.0,270.0,0,0,0,0,0,1,0,0,0,0,0,0,1,0
1,636,5.6,365.0,0,1,0,0,0,0,0,0,0,0,0,1,0,0
1,534,13.6,600.0,0,0,0,0,0,0,1,0,0,0,0,0,1,0
1,466,12.8,820.0,0,0,0,1,0,0,0,0,0,0,1,0,0,0
3,474,4.4,175.33,0,0,0,0,1,0,0,0,0,0,0,0,0,0
3,315,13.6,200.0,0,0,0,1,0,0,0,0,0,0,0,0,0,0
1,571,13.6,750.0,0,0,0,0,1,0,0,0,0,0,1,0,0,0
0,331,12.4,300.0,1,0,0,0,0,0,0,0,0,0,0,1,0,0
1,515,13.6,650.0,1,0,0,0,0,0,0,0,0,0,0,1,0,0
1,231,3.4,250.0,0,0,0,0,0,0,0,1,0,0,0,1,0,0
1,66,6.4,200.0,0,0,0,0,0,0,0,1,0,0,1,0,0,0
3,447,13.6,750.0,0,0,0,0,0,0,0,1,0,0,0,0,0,0
1,410,6.8,556.84,0,0,0,0,0,0,0,0,0,1,0,1,0,0
3,843,6.4,610.0,0,0,0,0,0,0,0,0,0,1,0,0,0,0
1,253,6.8,225.0,0,0,1,0,0,0,0,0,0,0,0,0,0,1
1,637,13.6,925.0,0,1,0,0,0,0,0,0,0,0,0,0,1,0
1,638,2.0,430.0,0,0,0,0,1,0,0,0,0,0,0,0,0,1
0,169,1.6,280.0,0,1,0,0,0,0,0,0,0,0,0,0,1,0
1,563,3.6,290.0,0,0,0,0,0,0,0,1,0,0,0,1,0,0
1,256,13.6,320.0,1,0,0,0,0,0,0,0,0,0,1,0,0,0
1,376,3.0,180.0,0,0,0,0,0,0,0,1,0,0,0,0,0,1
1,216,8.4,200.0,0,0,1,0,0,0,0,0,0,0,0,0,0,1
1,309,13.6,250.0,0,0,1,0,0,0,0,0,0,0,0,0,0,1
1,561,6.0,375.0,0,0,0,0,0,0,0,0,1,0,0,0,1,0
1,323,5.2,275.0,0,1,0,0,0,0,0,0,0,0,0,1,0,0
1,407,2.4,350.0,0,0,0,0,1,0,0,0,0,0,0,1,0,0
1,736,13.6,780.0,0,0,0,0,0,0,0,0,1,0,0,1,0,0
1,537,4.95,246.67,0,0,1,0,0,0,0,0,0,0,0,0,1,0
3,500,6.8,340.0,0,0,0,1,0,0,0,0,0,0,0,0,0,0
4,328,13.6,420.0,0,0,1,0,0,0,0,0,0,0,0,0,0,0
1,155,13.6,200.0,0,1,0,0,0,0,0,0,0,0,0,1,0,0
1,378,8.0,490.0,1,0,0,0,0,0,0,0,0,0,0,0,0,1
1,363,13.6,500.0,0,1,0,0,0,0,0,0,0,0,1,0,0,0
1,461,1.6,187.5,0,0,0,0,0,1,0,0,0,0,1,0,0,0
1,625,17.2,197.5,0,0,0,0,0,0,1,0,0,0,0,1,0,0
3,825,11.2,800.0,1,0,0,0,0,0,0,0,0,0,0,0,0,0
1,99,10.4,275.0,0,0,0,1,0,0,0,0,0,0,0,1,0,0
1,336,13.6,450.0,0,0,0,0,0,0,0,0,1,0,1,0,0,0
1,215,13.6,670.0,1,0,0,0,0,0,0,0,0,0,0,0,1,0
1,195,7.0,250.0,0,0,0,0,0,0,1,0,0,0,0,0,0,1
3,809,3.2,297.5,0,0,0,0,0,0,0,1,0,0,0,0,0,0
1,460,13.6,550.0,0,1,0,0,0,0,0,0,0,0,1,0,0,0
0,103,13.6,150.0,0,0,0,1,0,0,0,0,0,0,0,1,0,0
1,412,13.6,550.0,0,1,0,0,0,0,0,0,0,0,0,0,0,1
1,350,7.0,250.0,0,0,1,0,0,0,0,0,0,0,0,0,0,1
1,350,3.2,206.67,0,0,1,0,0,0,0,0,0,0,0,1,0,0
1,569,6.8,375.0,0,0,0,0,1,0,0,0,0,0,0,1,0,0
3,588,3.6,273.33,0,0,0,0,0,1,0,0,0,0,0,0,0,0
1,473,3.6,400.0,0,0,0,0,0,1,0,0,0,0,0,1,0,0
3,554,13.6,680.0,0,0,0,0,0,1,0,0,0,0,0,0,0,0
1,579,13.6,700.0,0,0,0,0,1,0,0,0,0,0,0,0,0,1
1,407,6.8,520.0,1,0,0,0,0,0,0,0,0,0,0,0,1,0
0,151,5.1,233.41,0,1,0,0,0,0,0,0,0,0,0,0,0,0
1,682,13.6,780.0,0,0,0,0,0,0,0,1,0,0,0,0,0,1
1,338,1.6,173.33,0,0,0,0,0,0,0,0,0,1,0,0,1,0
2,724,13.6,860.0,0,0,1,0,0,0,0,0,0,0,0,0,0,1
1,257,4.0,80.0,0,0,1,0,0,0,0,0,0,0,0,1,0,0
1,270,8.9,280.0,0,0,0,0,0,0,0,1,0,0,0,0,1,0
1,322,13.6,430.0,0,0,1,0,0,0,0,0,0,0,0,0,0,1
1,501,13.6,650.0,0,1,0,0,0,0,0,0,0,0,0,0,1,0
1,202,13.6,275.0,0,1,0,0,0,0,0,0,0,0,0,0,0,1
1,572,2.0,220.0,0,0,0,0,1,0,0,0,0,0,0,0,0,1
0,151,11.2,315.31,0,1,0,0,0,0,0,0,0,0,1,0,0,0
1,509,4.5,400.0,0,0,0,1,0,0,0,0,0,0,0,1,0,0
1,586,2.4,93.07,1,0,0,0,0,0,0,0,0,0,0,0,1,0
1,572,2.0,212.5,0,0,0,0,1,0,0,0,0,0,0,0,0,1
1,348,1.2,170.0,0,0,0,0,0,0,0,0,1,0,0,1,0,0
1,648,2.4,400.0,0,1,0,0,0,0,0,0,0,0,0,0,0,1
1,544,6.8,450.0,0,0,0,0,0,0,1,0,0,0,0,0,0,1
3,265,7.0,180.0,0,0,1,0,0,0,0,0,0,0,0,0,0,0
0,90,3.0,100.0,0,0,0,1,0,0,0,0,0,0,0,1,0,0
1,156,13.6,350.0,0,0,0,0,0,0,0,1,0,0,0,1,0,0
1,315,13.6,400.0,0,0,0,1,0,0,0,0,0,0,0,0,0,1
1,407,6.8,300.0,0,0,0,0,1,0,0,0,0,0,0,0,0,1
1,482,13.6,326.67,0,0,0,1,0,0,0,0,0,0,1,0,0,0
3,475,3.4,263.33,0,0,0,0,0,1,0,0,0,0,0,0,0,0
1,602,5.0,275.0,0,0,0,0,1,0,0,0,0,0,0,0,1,0
1,301,2.0,200.0,0,0,1,0,0,0,0,0,0,0,1,0,0,0
1,591,10.4,365.0,0,0,0,0,0,0,1,0,0,0,1,0,0,0
1,402,13.6,235.0,0,0,0,1,0,0,0,0,0,0,1,0,0,0
1,233,13.6,275.0,0,1,0,0,0,0,0,0,0,0,0,0,1,0
1,573,3.2,230.0,0,0,0,0,0,0,0,1,0,0,1,0,0,0
1,328,3.2,150.0,0,0,0,0,0,0,0,0,0,1,1,0,0,0
0,209,12.8,460.0,0,0,0,0,0,1,0,0,0,0,1,0,0,0
3,562,4.0,210.0,0,0,0,0,1,0,0,0,0,0,0,0,0,0
3,333,13.6,270.0,1,0,0,0,0,0,0,0,0,0,0,0,0,0
3,420,13.6,494.0,0,0,0,0,0,0,1,0,0,0,0,0,0,0
0,156,3.5,170.0,0,0,0,0,0,0,0,0,0,1,0,0,0,0
3,698,13.6,845.0,0,0,0,0,0,0,0,1,0,0,0,0,0,0
1,401,3.0,180.0,1,0,0,0,0,0,0,0,0,0,1,0,0,0
1,408,4.33,186.67,0,0,1,0,0,0,0,0,0,0,0,0,1,0
1,383,6.8,315.0,0,0,0,0,0,0,1,0,0,0,1,0,0,0
3,678,13.6,750.0,0,0,1,0,0,0,0,0,0,0,0,0,0,0
1,322,5.6,241.42,0,0,0,0,0,0,1,0,0,0,0,0,0,1
1,538,13.6,745.0,0,1,0,0,0,0,0,0,0,0,1,0,0,0
1,134,6.8,190.0,0,0,0,0,0,0,0,0,1,0,0,0,0,1
1,604,3.2,236.86,0,0,0,0,0,1,0,0,0,0,0,0,0,1
3,1194,9.0,800.0,0,0,0,0,0,1,0,0,0,0,0,0,0,0
1,714,13.0,840.0,0,1,0,0,0,0,0,0,0,0,0,0,0,1
1,805,13.6,900.0,0,1,0,0,0,0,0,0,0,0,1,0,0,0
1,596,13.6,730.0,0,0,0,0,0,0,0,0,1,0,1,0,0,0
2,743,6.0,925.0,0,0,0,0,1,0,0,0,0,0,0,0,1,0
1,823,6.8,490.0,0,0,0,0,0,0,0,0,1,0,0,0,0,1
0,151,6.8,234.21,0,1,0,0,0,0,0,0,0,0,1,0,0,0
1,350,6.0,320.0,0,0,0,0,0,0,0,1,0,0,0,0,0,1
1,236,4.8,155.0,1,0,0,0,0,0,0,0,0,0,0,1,0,0
1,555,13.6,630.0,0,0,1,0,0,0,0,0,0,0,0,1,0,0
0,144,10.2,291.95,0,1,0,0,0,0,0,0,0,0,1,0,0,0
1,434,5.2,203.33,0,0,0,0,0,0,0,0,0,1,0,1,0,0
1,530,4.5,266.67,0,0,0,0,0,0,0,0,1,0,1,0,0,0
1,427,10.0,510.0,0,0,0,0,0,0,0,0,0,1,0,1,0,0
1,509,13.6,700.0,0,0,0,1,0,0,0,0,0,0,0,1,0,0
1,199,12.4,350.0,0,0,0,0,0,1,0,0,0,0,0,1,0,0
1,289,2.0,153.33,0,0,0,0,1,0,0,0,0,0,0,0,0,1
0,35,10.0,160.0,0,1,0,0,0,0,0,0,0,0,0,0,0,0
1,297,21.6,225.0,0,0,1,0,0,0,0,0,0,0,0,0,1,0
1,830,1.2,366.67,0,0,1,0,0,0,0,0,0,0,1,0,0,0
1,344,3.67,200.0,1,0,0,0,0,0,0,0,0,0,1,0,0,0
0,281,5.0,319.32,0,0,1,0,0,0,0,0,0,0,0,0,1,0
1,411,2.0,290.0,0,0,0,0,0,0,0,0,1,0,0,0,1,0
1,450,9.6,620.0,0,0,0,0,1,0,0,0,0,0,1,0,0,0
1,25,13.6,1450.0,1,0,0,0,0,0,0,0,0,0,0,0,1,0
1,446,13.6,650.0,1,0,0,0,0,0,0,0,0,0,1,0,0,0
1,500,2.0,240.0,0,0,0,0,0,0,0,1,0,0,0,0,0,1
1,561,4.0,296.67,0,0,0,1,0,0,0,0,0,0,0,0,0,1
1,306,13.6,390.0,0,0,0,0,0,0,1,0,0,0,0,0,0,1
1,627,3.5,370.0,0,0,0,0,0,0,0,1,0,0,0,0,0,1
4,1341,13.6,1250.0,1,0,0,0,0,0,0,0,0,0,0,1,0,0
3,619,13.6,660.0,0,0,0,0,0,0,0,0,1,0,0,0,0,0
1,347,13.6,340.0,0,1,0,0,0,0,0,0,0,0,0,0,1,0
1,290,13.6,420.0,0,0,0,1,0,0,0,0,0,0,0,0,1,0
1,347,4.5,226.67,1,0,0,0,0,0,0,0,0,0,0,0,0,1
1,648,13.6,750.0,0,0,0,0,0,1,0,0,0,0,1,0,0,0
1,369,3.2,200.0,0,0,0,0,0,0,0,1,0,0,0,1,0,0
1,557,2.5,380.0,1,0,0,0,0,0,0,0,0,0,0,0,0,1
1,587,13.6,720.0,0,0,1,0,0,0,0,0,0,0,0,0,0,1
1,349,4.6,300.0,0,0,0,0,0,0,0,0,0,1,0,0,0,1
1,600,6.0,260.0,0,0,0,0,0,0,1,0,0,0,1,0,0,0
1,201,9.3,175.0,1,0,0,0,0,0,0,0,0,0,0,0,0,1
3,564,13.6,1100.0,0,1,0,0,0,0,0,0,0,0,0,0,0,0
3,386,6.0,320.0,0,0,0,0,0,0,0,0,0,1,0,0,0,0
0,312,12.0,433.05,1,0,0,0,0,0,0,0,0,0,0,0,1,0
1,229,13.6,230.0,0,1,0,0,0,0,0,0,0,0,0,1,0,0
1,574,3.5,300.0,0,1,0,0,0,0,0,0,0,0,0,1,0,0
1,888,13.6,1400.0,1,0,0,0,0,0,0,0,0,0,1,0,0,0
1,489,13.5,690.0,0,0,0,1,0,0,0,0,0,0,0,0,0,1
0,207,6.4,244.75,1,0,0,0,0,0,0,0,0,0,0,1,0,0
0,227,13.6,380.0,1,0,0,0,0,0,0,0,0,0,0,1,0,0
1,241,5.6,166.67,1,0,0,0,0,0,0,0,0,0,1,0,0,0
1,571,13.6,640.0,0,0,0,0,1,0,0,0,0,0,0,0,1,0
1,583,13.6,590.0,0,0,0,1,0,0,0,0,0,0,0,0,0,0
1,678,6.8,225.0,1,0,0,0,0,0,0,0,0,0,0,1,0,0
0,16,13.6,240.0,0,1,0,0,0,0,0,0,0,0,0,1,0,0
1,181,3.6,230.0,0,0,0,0,0,0,0,1,0,0,0,1,0,0
1,413,13.6,600.0,1,0,0,0,0,0,0,0,0,0,1,0,0,0
0,273,13.6,425.0,0,0,1,0,0,0,0,0,0,0,0,0,0,0
1,271,13.6,450.0,0,0,1,0,0,0,0,0,0,0,0,0,0,0
1,629,13.6,750.0,0,1,0,0,0,0,0,0,0,0,0,1,0,0
3,524,6.4,475.44,0,0,0,0,1,0,0,0,0,0,0,0,0,0
2,512,1.2,150.0,0,0,0,1,0,0,0,0,0,0,0,0,0,1
1,308,4.8,310.0,0,0,0,0,0,0,0,1,0,0,0,0,1,0
1,554,13.6,750.0,0,0,1,0,0,0,0,0,0,0,0,1,0,0
1,673,13.6,920.0,0,0,0,0,0,0,1,0,0,0,0,1,0,0
1,586,12.8,650.0,0,0,0,0,1,0,0,0,0,0,0,0,0,1
1,555,4.0,275.0,0,0,0,0,1,0,0,0,0,0,0,0,0,1
3,501,9.0,313.33,0,0,0,0,0,0,1,0,0,0,0,0,0,0
0,120,13.6,410.0,0,0,0,0,0,0,0,1,0,0,0,0,0,1
1,212,12.0,150.0,0,0,0,1,0,0,0,0,0,0,0,1,0,0
3,342,4.0,310.0,1,0,0,0,0,0,0,0,0,0,0,0,0,0
1,609,27.2,533.33,1,0,0,0,0,0,0,0,0,0,0,1,0,0
1,331,12.4,300.0,1,0,0,0,0,0,0,0,0,0,0,1,0,0
1,271,13.6,480.0,0,0,0,0,0,1,0,0,0,0,1,0,0,0
1,307,13.6,400.0,0,0,0,0,0,0,1,0,0,0,1,0,0,0
1,622,8.0,355.0,0,0,0,0,0,0,0,1,0,0,1,0,0,0
1,625,6.8,362.0,0,0,0,0,0,0,1,0,0,0,1,0,0,0
1,764,6.0,900.0,0,0,0,0,0,0,0,1,0,0,0,0,1,0
1,308,3.0,200.0,0,1,0,0,0,0,0,0,0,0,1,0,0,0
0,451,13.6,490.0,0,0,0,0,0,0,0,1,0,0,0,0,0,1
1,917,6.0,1140.0,0,0,1,0,0,0,0,0,0,0,0,0,0,1
1,357,6.8,276.24,0,0,0,0,0,0,0,0,0,1,0,1,0,0
1,726,13.6,770.0,0,0,0,0,0,0,1,0,0,0,0,0,0,0
1,599,3.4,320.0,0,0,0,0,0,0,1,0,0,0,0,1,0,0
1,685,13.6,670.0,0,0,0,0,0,0,1,0,0,0,0,0,0,1
1,298,3.2,150.0,0,0,0,0,0,0,0,0,0,1,0,1,0,0
1,419,6.0,290.0,0,0,0,0,0,0,0,0,0,1,0,0,1,0
1,346,13.2,500.0,0,0,0,0,0,0,1,0,0,0,0,0,0,1
1,514,13.2,730.0,0,0,0,0,0,1,0,0,0,0,1,0,0,0
1,573,4.5,400.0,0,0,0,0,0,0,0,0,1,0,0,0,0,1
1,270,6.0,350.0,0,0,0,0,0,0,0,0,0,1,0,1,0,0
1,370,5.2,275.0,0,0,0,0,0,0,0,1,0,0,0,0,1,0
1,488,9.4,480.0,0,0,0,0,0,0,1,0,0,0,0,0,1,0
1,627,13.6,610.0,0,0,0,0,0,0,0,1,0,0,1,0,0,0
1,771,5.0,510.0,1,0,0,0,0,0,0,0,0,0,1,0,0,0
1,354,6.0,380.0,0,0,1,0,0,0,0,0,0,0,1,0,0,0
1,653,13.6,660.0,0,0,0,0,0,0,0,0,1,0,0,1,0,0
1,314,3.6,235.0,0,0,0,1,0,0,0,0,0,0,1,0,0,0
3,698,13.6,845.0,0,0,0,0,0,0,0,1,0,0,0,0,0,0
1,465,13.6,700.0,0,0,0,0,0,1,0,0,0,0,0,0,0,1
1,617,13.4,900.0,1,0,0,0,0,0,0,0,0,0,1,0,0,0
1,563,4.0,350.0,0,1,0,0,0,0,0,0,0,0,1,0,0,0
4,193,13.6,275.0,0,1,0,0,0,0,0,0,0,0,0,1,0,0
1,554,13.6,670.0,0,0,0,0,0,1,0,0,0,0,0,1,0,0
2,751,5.0,815.61,0,0,0,1,0,0,0,0,0,0,0,0,1,0
3,605,6.4,350.0,0,0,0,0,1,0,0,0,0,0,0,0,0,0
1,16,2.4,250.0,0,1,0,0,0,0,0,0,0,0,0,1,0,0
1,581,2.4,210.0,0,0,0,0,1,0,0,0,0,0,0,0,1,0
1,351,13.6,580.0,0,0,0,0,0,1,0,0,0,0,0,0,1,0
0,163,3.0,320.0,0,0,0,0,0,0,0,0,1,0,0,1,0,0
1,27,2.0,800.0,0,0,0,0,0,0,0,1,0,0,0,1,0,0
1,341,3.2,225.0,0,0,1,0,0,0,0,0,0,0,0,1,0,0
3,300,12.0,500.0,1,0,0,0,0,0,0,0,0,0,0,0,0,0
1,296,9.6,200.0,0,0,1,0,0,0,0,0,0,0,0,0,0,1
1,467,4.5,350.0,0,0,0,0,0,1,0,0,0,0,0,0,0,1
3,395,3.0,280.0,0,0,0,0,0,1,0,0,0,0,0,0,0,0
1,774,13.6,920.0,0,0,0,0,0,0,0,0,1,0,0,1,0,0
2,43,13.6,2000.0,1,0,0,0,0,0,0,0,0,0,0,0,0,1
1,381,4.5,480.0,1,0,0,0,0,0,0,0,0,0,0,1,0,0
1,558,2.8,263.33,0,0,0,0,0,0,0,0,1,0,0,0,1,0
0,216,2.0,170.0,0,0,0,0,0,1,0,0,0,0,0,0,0,0
1,733,13.6,2200.0,0,0,0,0,0,1,0,0,0,0,0,0,0,1
4,426,13.6,700.0,0,0,1,0,0,0,0,0,0,0,0,1,0,0
1,713,13.6,900.0,0,0,0,0,0,1,0,0,0,0,1,0,0,0
3,190,11.2,240.0,0,1,0,0,0,0,0,0,0,0,0,0,0,0
1,446,6.25,460.0,0,0,1,0,0,0,0,0,0,0,0,0,0,1
1,173,6.5,212.5,0,0,0,0,1,0,0,0,0,0,0,0,0,1
1,247,1.2,127.5,0,0,0,0,0,0,0,0,1,0,0,0,0,1
1,498,11.0,500.0,0,0,0,0,0,1,0,0,0,0,0,1,0,0
1,632,13.6,710.0,0,0,0,0,0,0,1,0,0,0,1,0,0,0
1,312,5.3,366.59,0,0,1,0,0,0,0,0,0,0,0,0,0,1
1,481,2.4,330.0,0,0,1,0,0,0,0,0,0,0,0,0,0,1
1,536,13.6,780.0,0,0,0,0,0,0,0,0,1,0,0,1,0,0
1,291,6.4,200.0,0,0,0,0,0,0,0,1,0,0,1,0,0,0
1,474,13.6,590.0,0,1,0,0,0,0,0,0,0,0,1,0,0,0
3,549,13.6,600.0,0,0,0,0,0,1,0,0,0,0,0,0,0,0
1,356,13.6,500.0,0,1,0,0,0,0,0,0,0,0,0,1,0,0
3,1032,3.0,450.0,0,0,0,0,1,0,0,0,0,0,0,0,1,0
3,452,3.2,206.0,0,0,0,0,1,0,0,0,0,0,0,0,0,0
1,296,9.6,380.85,0,0,1,0,0,0,0,0,0,0,0,0,1,0
5,386,13.6,1100.0,1,0,0,0,0,0,0,0,0,0,0,0,0,1
1,415,5.2,310.0,0,0,0,0,1,0,0,0,0,0,0,0,1,0
1,351,2.8,300.0,0,0,0,0,0,0,0,0,0,1,1,0,0,0
1,198,5.2,220.0,0,0,0,0,0,0,0,1,0,0,0,1,0,0
3,253,6.4,650.0,1,0,0,0,0,0,0,0,0,0,0,0,0,0
1,349,4.5,234.81,0,0,0,0,0,0,0,0,1,0,0,0,0,1
1,417,13.6,650.0,0,1,0,0,0,0,0,0,0,0,0,1,0,0
1,312,13.6,500.0,0,0,0,0,0,1,0,0,0,0,1,0,0,0
1,603,6.2,590.0,0,1,0,0,0,0,0,0,0,0,0,0,0,1
1,353,3.6,210.0,0,0,1,0,0,0,0,0,0,0,0,0,1,0
1,602,13.6,740.0,0,1,0,0,0,0,0,0,0,0,1,0,0,0
3,656,15.6,372.0,0,0,0,0,0,0,1,0,0,0,0,0,0,0
1,372,13.6,550.0,0,0,1,0,0,0,0,0,0,0,0,1,0,0
1,697,13.6,425.0,0,0,1,0,0,0,0,0,0,0,0,0,1,0
1,321,13.6,440.0,0,0,0,1,0,0,0,0,0,0,0,1,0,0
1,461,2.0,250.0,0,0,0,0,0,0,0,1,0,0,0,1,0,0
1,662,7.2,425.0,0,0,1,0,0,0,0,0,0,0,1,0,0,0
1,380,13.6,550.0,0,0,0,1,0,0,0,0,0,0,0,1,0,0
1,634,13.6,720.0,0,1,0,0,0,0,0,0,0,0,1,0,0,0
1,632,13.6,874.12,0,0,0,0,0,0,0,1,0,0,0,0,1,0
1,16,4.6,266.67,0,0,1,0,0,0,0,0,0,0,0,0,1,0
3,411,13.6,550.0,0,0,0,0,1,0,0,0,0,0,0,0,0,0
1,363,3.0,220.0,0,0,0,0,0,0,0,1,0,0,0,0,0,1
0,691,13.6,750.0,0,1,0,0,0,0,0,0,0,0,1,0,0,0
1,310,4.0,270.0,1,0,0,0,0,0,0,0,0,0,1,0,0,0
1,706,13.6,840.0,0,0,1,0,0,0,0,0,0,0,1,0,0,0
1,631,8.0,400.0,0,0,0,0,0,0,0,1,0,0,0,1,0,0
0,184,13.6,275.0,0,1,0,0,0,0,0,0,0,0,0,0,0,1
1,215,13.6,670.0,1,0,0,0,0,0,0,0,0,0,0,0,1,0
2,849,13.2,950.0,1,0,0,0,0,0,0,0,0,0,0,0,1,0
1,610,2.0,398.43,0,0,0,0,0,0,0,0,1,0,0,1,0,0
1,809,12.0,840.0,0,0,0,0,0,0,0,1,0,0,1,0,0,0
1,437,13.6,500.0,0,0,0,0,0,0,0,0,1,0,1,0,0,0
3,537,8.8,740.0,0,0,0,0,0,1,0,0,0,0,0,0,0,0
1,327,7.5,300.0,1,0,0,0,0,0,0,0,0,0,0,0,0,1
1,829,3.6,313.33,0,0,0,0,0,0,0,1,0,0,0,0,0,1
1,482,3.2,285.0,0,0,0,0,0,0,0,1,0,0,1,0,0,0
1,30,13.6,930.0,1,0,0,0,0,0,0,0,0,0,1,0,0,0
1,520,8.5,400.0,0,0,0,0,0,0,0,0,0,1,1,0,0,0
1,652,13.6,750.0,0,0,0,0,0,0,1,0,0,0,1,0,0,0
1,305,13.6,450.0,0,0,1,0,0,0,0,0,0,0,1,0,0,0
0,220,13.6,450.0,0,1,0,0,0,0,0,0,0,0,0,0,0,1
1,666,10.0,375.0,0,0,0,0,0,0,0,0,1,0,1,0,0,0
3,764,2.4,75.12,0,0,0,0,0,0,1,0,0,0,0,0,0,0
1,400,1.8,140.0,0,0,0,0,0,0,0,1,0,0,1,0,0,0
1,301,3.2,240.0,0,0,0,0,0,0,0,0,0,1,0,1,0,0
1,272,3.0,283.33,0,0,0,0,0,0,0,1,0,0,0,0,1,0
3,549,13.6,750.0,0,0,0,0,1,0,0,0,0,0,0,0,0,0
1,553,13.6,620.0,0,0,1,0,0,0,0,0,0,0,0,0,1,0
3,482,3.0,220.0,0,0,0,0,0,1,0,0,0,0,0,0,0,0
1,679,4.4,270.0,0,0,0,0,0,0,0,1,0,0,0,1,0,0
1,337,6.8,250.0,0,0,1,0,0,0,0,0,0,0,1,0,0,0
1,547,4.5,270.0,0,0,0,0,0,0,0,1,0,0,0,0,0,1
0,20,13.6,150.0,0,0,1,0,0,0,0,0,0,0,0,0,1,0
1,794,8.4,475.0,0,0,1,0,0,0,0,0,0,0,1,0,0,0
1,605,8.0,380.0,0,0,0,0,0,0,0,1,0,0,0,0,0,1
1,687,13.6,790.0,0,0,0,0,0,0,1,0,0,0,0,1,0,0
3,563,6.4,400.0,0,0,0,0,0,0,0,1,0,0,0,0,0,0
3,789,6.8,810.0,0,0,0,0,0,0,0,1,0,0,0,0,0,0
1,640,13.6,790.0,0,0,0,0,1,0,0,0,0,0,0,0,0,1
1,522,13.6,162.5,0,0,0,0,0,0,0,0,0,1,0,0,0,1
1,823,13.6,950.0,1,0,0,0,0,0,0,0,0,0,0,0,0,1
1,593,3.2,350.0,0,0,0,0,0,0,1,0,0,0,0,1,0,0
1,17,6.4,365.0,0,0,0,0,1,0,0,0,0,0,1,0,0,0
3,352,13.6,450.0,0,1,0,0,0,0,0,0,0,0,0,0,0,0
1,598,4.0,415.0,0,0,0,0,0,0,0,0,1,0,0,1,0,0
1,166,13.6,360.0,1,0,0,0,0,0,0,0,0,0,0,0,0,1
1,433,13.6,500.0,0,0,0,1,0,0,0,0,0,0,0,1,0,0
1,445,4.5,513.84,0,0,0,0,0,0,0,0,0,1,0,0,0,1
1,716,13.6,720.0,1,0,0,0,0,0,0,0,0,0,0,0,0,1
1,323,13.6,550.0,1,0,0,0,0,0,0,0,0,0,0,0,1,0
1,765,11.6,880.0,0,0,1,0,0,0,0,0,0,0,1,0,0,0
1,571,13.2,700.0,0,0,0,0,1,0,0,0,0,0,0,1,0,0
1,166,5.0,120.0,0,0,0,0,0,0,0,1,0,0,0,0,0,1
1,202,4.6,233.33,0,0,0,0,0,0,0,0,0,1,0,0,0,1
1,401,10.0,680.0,1,0,0,0,0,0,0,0,0,0,0,0,1,0
1,674,13.6,740.0,0,0,0,0,0,0,0,0,1,0,0,0,0,1
1,306,13.6,410.0,0,0,0,1,0,0,0,0,0,0,0,0,0,1
3,673,2.72,153.87,0,0,0,0,0,0,0,0,1,0,0,0,0,0
0,126,13.6,550.0,0,0,0,0,0,0,1,0,0,0,1,0,0,0
1,316,5.6,200.0,0,0,0,0,0,0,0,1,0,0,1,0,0,0
1,670,13.6,684.0,0,0,0,0,0,0,1,0,0,0,1,0,0,0
